Profundidad,Abies,Acacia,Agave,Alnus oblongifolia,Anisacanthus type,Arbutus,Berberis,Bursera,Bursera laxiflora,Bursera microphylla,Cactoideae,Canotia type,Ceiba,Celtis,Cf. Populus,Cylindropuntia,Dasylirion,Desmanthus,Dodonaea viscosa,Ephedra,Fraxinus,Juglans,Juniperus,Mimosa,Opuntia,Parkinsonia aculeata,Picea,Pinus,Prosopis,Prunus,Quercus,Rutaceae,Salix,Sambucus type,Tecoma stans,Acanthaceae,Allionia,Amaranthaceae,Ambrosia,Apiaceae,Artemisia ludoviciana,Asteroideae,Boerhavia type,Boraginaceae,Brassicaceae,Callaeum macropterum,Caryophyllaceae,Cichorioideae,Cirsium,Clematis,Convolvulaceae,Crassulaceae,Croton type,Cucurbitaceae,Cyperaceae,Dalea,Dicliptera,Eriogonum,Eustoma,Euphorbiaceae,Euphorbia ,Evolvulus,Faboideae,Gentianaceae,Hibiscus type,Ipomoea,Justicia californica,Kallstroemia ,Lamiaceae,Lippia type,Lotus type,Lythrum,Manihot,Marina,Mitracarpus,Monocotyledoneae,Nama,Oenothera,Onagraceae,Plantago,Poaceae,Poaceae >60µm,Polemoniaceae,Polygonum,Ranunculaceae,Rhamnaceae,Rosaceae,Rubiaceae,Solanaceae,Sida,Sphaeralcea type,Tetramerium nervosum,Tribulus ,Trixis californica,Typha tetrads,Typha monads,Urtica,Verbenaceae,Zea mays,Zygophyllaceae,Adiantum,Anemia,Asplenium ,Botrychium,Cheilanthes,Gymnocarpium,Lygodium cf.,Monoleta,Ophioglossum,Osmunda,Reticulate trilete,Selaginella,Pellaea,Spore trilete without perine,Unknown trilete,Indeterminados,Indeterminables
5,0,0,0,0,0,0,0,0,0,0,0.847,0,0,2.119,0,0.847,0,0,0,0,0,0,0,0,0.847,0,0,5.508,14.407,0,1.271,0,0,0.424,0,0,0,21.186,23.305,0,0,5.085,2.966,3.814,0.847,0,0,0,0,0,0,0,0,0,3.39,0,0,0,0,1.271,0,0,0.847,0,0.424,0,0,0,0.847,0,0,0,0,0,0,0,0,0,0.424,0.424,2.119,0,0,0,0,0,0,0,0.847,0,0.424,0,0,0,0,0,0,0,0,0,0.424,0,0,0,0,0,0,0,0,0,0,0.424,0,0,0,4.661,0
10,0,0.524,0,0,0,0,0,0,0,0,4.188,0,0,1.571,0,0.524,0,0,0.524,0,0,0,0,0,0,0,0,3.665,20.419,0,3.141,0,0,0,0,0,0,30.366,9.948,0,0,6.283,0,5.759,0,0,0,0,0,0,0,0,0,0,2.094,0,0,0,0,0,0,0,0,1.571,0,0,0,0,1.047,0,0,0,0,0.524,0,0,0,0,0,1.047,3.665,0,0,0,0,0,0,0,0.524,0,0,0,0,0,0,0,0,0,0,0,0,0,0,0,0,0,0,0,0,0,0,0.524,0,0,0,0,2.094
15,0,0,0,0,0,0,0,0,0,0,4.494,1.685,1.124,1.124,0,0,0,0,0,0,0,0,0,0,1.124,0,0,3.371,11.798,0,10.112,0,0,0,0,0.562,0,20.225,11.236,0,0.562,10.674,0,0,0,0,0,0,0,0,0,0,0,0.562,0,0,0,0,0,0.562,0,0,0,0,0.562,0,0,0,0,0,0,0,0,0,0,0,3.933,0,0,0,3.933,0,0,0,0,0,0,0,0,0.562,0.562,0,0,0,0,0,0,5.056,0,0,0,0,0,0,0,0,0,0,0,0,0,1.124,0,0,0,0,5.056
21,0,0,0,0,0,0,0,0,0,0,1.724,1.724,1.724,0,0,0,0,0,0,0,0,0,0,0,5.172,0,0,1.724,0,0,13.793,0,1.724,0,0,0,0,17.241,5.172,0,3.448,18.966,0,0,0,0,0,0,0,0,0,0,0,0,1.724,0,0,0,0,0,0,0,0,0,0,0,0,0,0,6.897,0,0,0,0,0,0,0,0,0,0,13.793,0,0,0,0,0,0,0,0,0,0,0,0,0,0,1.724,0,0,0,0,0,0,0,0,0,0,0,0,0,0,0,0,0,0,0,0,3.448
24,0,0,0,0,0,0,0,0,0,0,1.506,1.205,0,1.506,0,0,0,0,0,0,0,0,0,0,0,0,0,2.108,0,0,16.265,0,0,0,0,0,0,21.386,8.133,0,0.602,23.494,0.602,0,0,0,0,0.301,0,0,0,0,0,0,3.012,0.301,0,0,0,0.602,0,0,0,0,0,0.301,0,0,0,0.904,0,0,0,0,0,0,0,0,0,0,12.952,0,0,0,0,0,0,0,0,0,0,0,0,0,0,0.904,0,0,0,0,0,0,0,0,0,0,0,0,0,0,0,0.602,0,0,0,0,3.313
27,0,0,0,0,0,0,0,0,0,0,0,0.938,0,1.563,0,0,0,0,0,0,0,0,0,0,0,0,0,0,0.938,0,9.375,0,0,0,0,0.625,0,28.125,5.625,0,0.313,24.375,0,0,0,0,0,1.25,0,0.313,0,0,0,0,1.563,0,0,0,0,5.625,0.313,0,0,0,0,0,0,0,0,1.875,0,0,0,0,0,0,0,0,0,0,9.688,0,0,0,0,0,0,0,0,0,0,0,0,0.938,0,0.625,0,0,0,0,0,0,0,0,0,0,0,0,0,0,0,0,0,0,0,0,5.938
30,0,0,0,0,0,0,0,0,0,0,0,0,0,0,0,0,0,0,0,0,0,0,0,0,0,0,0,0,0,0,0,0,0,0,0,0,0,0.333,0,0,0,0.333,0,0,0,0,0,0,0,0,0,0,0,0,0,0,0,0,0,0,0,0,0,0,0,0,0,0,0,0,0,0,0,0,0,0,0,0,0,0,0,0,0,0,0,0,0,0,0,0,0,0,0,0,0,0,0,0,0,0,0,0,0,0,0,0,0,0,0,0,0,0,0,0,0,0,0
33,0,0.33,0,0,0,0,0,0,0,0,0.33,0,0,0.66,0,0,0,0,0,0,0,0.33,0,0,0,0,0,6.271,0.33,0,11.881,0,0,0,0,0,0,16.832,6.271,0,0.66,29.703,0,0,0,0,0,0.33,0,0,0,0,0,0,1.98,0,0,0,0,0.99,0,0,0,0,0,0,0,0,0,0,0,0,0,0,0,0,0,0,0,0,18.152,0.33,0,0,0,0,0,0,0,0,0,0,0,0,0,1.65,0,0,0,0,0,0,0,0,0,0,0,0,0,0,0,0,0,0.66,0,0.99,1.32
36,0,0,0,0,0,0,0,0.752,0,0,0.752,0.752,0,1.504,0,0,0,0,0.376,0,0,0,0,0,0,0,0,0,0,0,14.662,0.376,0,0,0,0,0,7.143,8.271,0,0.752,35.338,0,0,0,0,0,2.256,0,0,0,0,0,0,1.504,0,0,0.376,0,1.504,0,0,0,0,0,0.376,0,0,0,0.376,0,0,0,0,0,0,0,0,0,0,14.286,0,0,0,0,0,0,0,0,0,0,0,0,0.376,0,1.128,0,0,0,0,0,0,0,0,0,0,0,0,0,0,0,0,0,0.752,0,0,6.391
39,0,0,0,0,0,0,0,0,0,0,0,0.901,0,0.901,0,0,0,0,0,0,0,0,0,0,0,0,0,0.901,0,0,15.315,0,0,0,0,0,0,16.216,5.405,0,0.901,25.225,0,0,0,0,0,0,0,0,0,0,0,0,0.901,0.901,0,0,0,0.901,0.901,0,0,0,0,0,0,0,0,0.901,0,0,0,0,0,0,0,0,0,0,22.523,0,0,0,0,0,0,0,0,0,0,0,0,0,0,1.802,0,0,0,0,0,0,0,0,0,0,0,0,0,0,0,0,0,0,0,1.802,3.604
42,0,0,0,0,0,0,0,0,0,0,0,0,0,0,0,0,0,0,0,0,0,0,0,0,0,0,0,0,0,0,0,0,0,0,0,0,0,0,0,0,0,0,0,0,0,0,0,0,0,0,0,0,0,0,0,0,0,0,0,0,0,0,0,0,0,0,0,0,0,0,0,0,0,0,0,0,0,0,0,0,0,0,0,0,0,0,0,0,0,0,0,0,0,0,0,0,0,0,0,0,0,0,0,0,0,0,0,0,0,0,0,0,0,0,0,0,0
45,0,0,0,0,0.345,0,0,0,0,0,0,1.379,0,0,0,0,0,0,0,0,0,0,0,0,0,0,0,9.31,0,0,23.793,0,0,0,0,0,0,17.586,4.138,0,0.345,19.655,1.034,0,0.345,0,0,0,0,0,0,0,0,0,2.759,0,0,0,0,0.345,0,0,0,0,0,0,0,0,0,0,0,0,0,0,0,0,0,0,0,0,12.414,0,0,0,0,0,0,0,0,0,0.345,0,0,0,0,1.034,0,0,0.345,0,0,0,0,0,0,0,0,0,0,0,0,0.345,0,0.345,1.034,0,3.103
48,0,0,0,0,0,0,0,0,0,0,0,0.671,0,1.342,0,0,0,0,0,0,0,0,0,0,1.342,0,0,4.698,0,0,6.711,0,0,0,0,0,0,10.738,6.711,0,2.013,31.544,2.685,0,0,0,0,0.671,0.671,0,0.671,0,0,0,2.685,0,0,0,0,2.013,0,0,0,0,0,0.671,0,0,0,0,0,0,0,0,0,0,0,0,0,0,19.463,0,0,0,0,0,0,0,0,0,0,0,0,0,0,0,0,0,0,0,0,0,0,0,0,0,0,0,0,0,0,0,0,1.342,0,2.013,1.342
51,0,0,0,0,0,0,0,0,0,0,0,0,0,1.493,0,0,0,0,0,0,0,1.493,0,0,5.97,0,0,5.97,0,0,7.463,0,0,0,0,0,0,10.448,0,0,11.94,14.925,0,0,0,0,0,2.985,0,0,0,0,0,0,2.985,0,0,0,0,0,0,0,0,0,0,1.493,0,0,0,0,0,0,0,0,0,0,0,0,0,0,25.373,0,0,0,0,0,0,0,0,0,0,0,0,0,0,0,0,0,0,0,0,0,0,0,0,0,0,0,0,0,0,0,0,0,0,4.478,2.985
54,0,0,0,0,0,0,0,0,0,0,0,0,0,0.92,0,0,0,0,0,0,0,0,0,0,0,0,0,3.681,1.227,0,9.509,0,0,1.84,0,0,0,18.405,4.908,0,3.681,29.141,0,0,0.613,0,0,1.84,0,0,0,0,0,0,3.067,0,0,0,0,0.92,0,0.307,0,0.613,0,0,0,0,0,0,0,0,0,0,0,0,0.307,0,0,0,11.35,0,0,0,0,0,0,0,0,0,0,0,0,0.307,0,2.147,0,0,0,0,0,0,0,0,0,0,0,0,0,0,0,0,0,0,2.454,0,2.761
57,0,0,0,0,0,0,0,0,0,0,0.935,0,0,0.935,0,0,0,0,0,0,0,0,0,0,1.869,0.935,0,4.673,0,0,15.888,0,0,0,0,0,0,27.103,4.673,0,1.869,13.084,0.935,0,0,0,0,0,0,0,0,0,0,0,2.804,0,0,0,0,0.935,0,0,0,0,0,0,0,0,0,0,0,0,0,0,0,0,0,0,0,0,15.888,0,0,0,0,0,0,0,0,0,0,0,0,0,0,0,0,0,0,0,0,0.935,0,0,0,0,0,0.935,0,0,0,0,0,0,0,2.804,2.804
60,0,0,0,0,0,0,0,1.01,0,0,3.03,0,1.01,0,0,0,0,0,0,0,0,0,0,0,2.02,2.02,0,10.101,0,0,6.061,0,0,0,0,1.01,0,23.232,3.03,0,0,23.232,3.03,0,0,0,0,0,0,0,0,0,0,0,1.01,0,0,0,0,0,0,0,0,0,0,0,0,0,0,0,0,0,0,0,0,0,0,0,0,0,13.131,0,0,0,0,0,0,0,0,0,0,0,0,0,0,0,0,0,0,0,0,0,0,0,0,0,0,0,0,0,0,0,0,1.01,0,3.03,3.03
63,0,0,0,0,0,0,0,0,0,0,0,0,0,1.031,0,0,0,0,0,0,0,0,0,0,0,0,0,2.062,0,0,11.34,0,0,0,0,1.031,0,38.144,2.062,0,0,16.495,0,0,0,0,0,0,0,0,0,0,0,0,6.186,0,0,0,0,0,0,0,0,0,0,0,0,0,0,0,0,0,0,0,0,0,0,0,0,0,14.433,0,0,0,0,0,0,0,0,0,0,0,0,1.031,0,3.093,0,0,0,0,0,0,0,0,0,0,0,0,0,0,0,0,0,0,0,1.031,2.062
66,0,0,0,0,0,0,0,0,0,0,0,0,0,0.483,0,0,0.483,0,0,0,0,0,0,0,0,0.483,0,11.111,0,0,7.729,0,0,0,0,0,0,7.246,0.966,0,0,4.831,0,0,0,0,0,0,0,0,0,0,0,0,4.831,0.483,0,0,0,0,0,0,0,0,0,0,0,0,0,0,0,0,0,0,0,0,0,0,0,0,7.246,0,0,0,0,0,0,0,0,0,0,0,0,0,0,0.483,0,0,0,0,0,0,0,0,0,0,0,0,0,0,0,0.483,0,0.966,0.483,0,3.382
69,0,0,0,0.485,0,0,0,0,0,0,0,0,0,0,0,0,0,0,0,0,0,0,0,0,0,0,0,9.223,0,0,21.845,0,0,0,0,0,0,15.049,2.427,0,1.456,24.757,0.485,0,0,0,0,0,0,0,0,0,0,0,2.427,0,0,0,0,0,0,0,0,0,0,0,0,0,0,0,0,0,0,0,0,0,0,0,0,0,16.99,0,0,0,0,0,0,0,0,0,0,0,0,0,0,0.971,0,0,0,0,0,0,0,0,0,0,0,0,0,0,0,0,0,0,0.485,0,3.398
87,0,0,0,0,0,0,0,0,0,0,0.743,1.115,0,1.487,0,0,0,0,0,0,0,0.743,0,0,0.372,0,0,5.204,0,0,7.435,0,0,0,0,0,0,14.498,1.115,0,1.115,37.918,4.461,0,0,0,0,0,0,0,0,0,0,0,6.32,0,0,0,0,0,0,0,0,0,0,0.743,0,0.372,0,0,0,0,0,0,0,0,0,0,0,0,12.268,0,0,0,0,0,0,0,0,0,0,0,0,0,0,0,0,0,0,0,0,0,0,0,0,0,0,0,0,0,0,0,0,0.372,0,0,3.717
90,0,0,0.606,0,0,0,0,0.303,0,0,0.303,1.818,0,0.606,0,0,0,0,0,0,0,0,0,0,0,0,0,5.455,0.303,0,7.879,0,0,0,0,0,0,22.121,1.818,0,0,29.091,1.515,0,0,0,0,0,0,0,0,0,0,0,2.727,0,0,0,0,1.515,0,0,0,0,0,0,0,0,0,0,0,0,0,0,0,0,0,0,0,0,17.879,0.303,0,0,0,0,0,0,0,0,0,0,0,0,0,0.909,0,0,0,0,0,0.303,0,0,0,0,0,0,0,0,0,0.303,0,0,0,0,4.242
93,0,0,0,0,0,0,0,1.567,0,0,0,0.313,0,0,0,0,0,0,0.627,0,0,0,0,0,0,0,0,5.643,0.313,0,12.853,0,0,0,0,0.313,0,23.197,1.881,0,0.313,28.527,0.627,0,0,0,0,0,0,0,0,0,0,0,0.94,0,0,0,0,1.254,0,0,0,0,0,0,0,0,0,0,0,0,0,0,0,0,0.313,0,0,0,18.495,0,0,0,0,0,0,0,0,0,0.313,0,0,0,0,0.313,0,0,0,0,0,0,0,0,0,0,0,0,0,0,0,0,0,0,0,0,2.194
96,0,0,0,0,0,0,0,0,0,0,0.319,2.556,0,0.319,0,0,0,0,0,0,0,0,0,0,0,0.319,0,5.431,0,0,12.78,0,0,0.319,0,0,0,25.559,2.875,0,0,30.032,0.319,0,0,0,0,0.639,0,0,0,0,0,0,5.431,0,0,0,0,0,0,0,0,0,0,0,0,0,0,0,0,0,0,0,0,0,0,0,0,0,10.543,0,0,0,0,0,0,0,0,0,0,0,0,0,0,0,0,0,0,0,0,0,0,0,0,0,0,0,0,0,0,0,0,0,0,0,2.556
99,0,0,0,0,0,0,0,0.327,0,0,0,0.327,0,0.654,0,0,0,0,0,0,0,0.327,0,0,0,0,0,5.229,0,0,10.784,0,0,0,0,0.327,0,18.954,2.941,0,0.98,31.373,0,0,0,0,0,0.327,0,0,0,0,0,0,1.961,0,0,0,0,0.98,0,0.327,0,0,0,0,0,0,0,0,0,0,0,0,0.654,0,0.327,0,0,0,20.261,0,0,0,0,0,0,0,0,0,0,0,0,0,0,0.327,0,0,0,0,0,0,0,0,0,0,0,0,0,0,0,0,0,0,0,0,2.614
102,0,0,0,0.629,0,0,0.314,0.943,0,0,2.201,0.314,0,0.943,0,0,0,0,0,0,0,0,0,0,0,0,0,5.031,0.314,0,13.836,0,0,0,0.314,0,0,9.748,1.887,0,0.943,29.56,0,0,0,0,0.314,0,0,0,0,0,0,0,0.943,0,0,0,0,0.629,0,0,0.314,0,0,0,0,0.314,0,0,0,0,0,0,0,0,0,0,0,0,25.157,1.572,0,0,0,0,0,0,0,0,0,0.314,0,0,0,2.201,0,0,0,0,0,0,0,0,0,0,0,0,0,0,0,0,0,0,0.629,0,0.629
105,0,0,0,1.538,0,0,0,1.538,0,0,0,0,0,1.538,0,0,0,0,0,0,0,0,0,0,0,0,0,7.692,0.769,0,10.769,0,0.769,0.769,0,0,0,19.231,3.077,0,4.615,4.615,0.769,0,0,0,0,0,0,0,0,0,0,0,6.923,0,0,0,0,1.538,0,0,0,0,0,0,0,0,0,0,0,0,0,0,0,0,0,0,0,0,29.231,0,0,0,0,0,0,0,0,0,0,0,0,0,0,1.538,0,0,0,0,0,0,0,0,0,0,0,0,0,0,0,0,0,0,0,0,3.077
108,0,0,0,0.298,0,0,0,0.893,0,0,0,2.381,0,1.19,0,0,0,0,0,0,0,0,0,0,0,0,0,6.548,0,0,13.095,0,0,0,0,0,0,19.048,5.06,0,4.167,9.821,0,0,0,0,0,0,0,0,0,0,0,0,9.524,0.298,0,0,0,1.19,0,0.298,0,0,0,0,0,0,0,0,0.298,0,0,0,0,0,0.298,0,0,0,22.917,0,0,0,0,0,0,0.298,0,0,0,0,0,0,0,0,0,0,0,0,0,0,0,0,0,0,0,0,0,0,0,0.298,0,0,0,0,2.083
111,0,0.305,0,0.305,0,0,0,0.305,0,0,0.61,0,0,3.659,0,0,0,0,0.305,0,0,0,0,0,0,0,0,9.451,1.829,0,10.061,0,0,0,0,0,0,14.939,3.049,0,5.793,11.28,0.915,0,0,0,0,0,0,0,0,0,0,0,20.122,0,0,0,0,0.915,0,0,0,0,0,0,0,0,0,0,0,0,0,0,0,0,0.305,0,0,0,10.671,0,0,0,0,0,0,0,0,0,0.61,0,0,0,0,1.829,0,0,0,0,0,0,0,0,0,0,0,0,0.305,0,0,0.305,0,0.915,1.22,0,0
114,0,0,0,0.345,0,0,0,0,0,0,0.345,1.724,0,1.034,0,0,0,0,0,0,0,0,0,0,0,0,0,8.966,0.345,0,9.31,0,0,0,0,0.345,0,26.552,1.379,0,1.724,13.103,1.034,0,0,0,0,0,0,0,0,0,0,0,7.241,0,0,0,0,1.724,0,0,0,0,0,0,0,0,0,0,0,0.69,0,0,0,0,0,0,0,0,18.276,0,0,0,0,0,0,0,0,0,0,0,0,0,0,0.345,0,0,0,0,0,0,0,0,0,0,0,0,0,0,0,0,0,0,0,0,5.517
117,0,0.34,0,0.68,0,0,0,0,0,0,0,0,0,0.34,0.34,0,0,0,0,0,0,0,0,0,0,0,0,12.585,0.34,0,13.265,0,0,0,0,0.34,0,19.728,1.701,0,2.041,7.823,1.361,0,0,0,0,0,0,0,0,0,0,0,14.286,0,0,0,0,0.68,0,0.34,0.68,0,0,0.34,0,0.34,0,0,0,0.34,0,0.34,0,0,0,0,0,0.34,12.585,0,0,0,0,0,0,0,0,0,0,0,0,0,0,0.34,0,0,0,0,0,0,0,0,0,0,0,0,0.34,0,0,0,0,1.02,1.361,0,5.782
120,0,0,0,0,0,0,0,0,0.649,0,0.649,0,0,2.597,0,0,0,0,0,0,0,0,0,0,0,0,0,2.597,0,0,8.442,0,0,0,0,0,0,24.026,1.948,0,0,35.714,0.649,0,0,0,0,0,0,0,0,0,0,0,0.649,0,0,0,0,0,0,0,0,0,0,0,0,0,0,0,0,0,0,0,0,0,0,0,0,0,17.532,1.948,0,0,0,0,0,0,0,0,0,0,0,0,0,0,0,0,0,0,0,0,0,0,0,0,0,0,0,0,0,0,0,0.649,0,0,1.948
123,0,0.33,0,0,0,0,0,0.33,0,0,0.33,0,0,0.33,0,0,0,0,0,0,0,0,0,0,0,0,0,2.64,0,0,7.591,0,0,0,0,0,0,23.432,2.31,0,0.66,32.013,0.99,0,0,0,0,0,0,0,0,0,0,0,0,0,0,0,0,1.32,0,0,0,0,0,0.99,0,0,0,0,0,0,0,0,0,0,0,0,0,0,21.782,0,0,0,0,0,0,0,0,0,0,0,0,0,0,0.99,0,0,0,0,0,0,0,0,0,0,0,0,0,0,0.66,0.33,0,0.33,0,0.99,1.65
126,0,0,0,0,0,0,0,0.877,0,0,0,0,0,0,0,0,0.877,0,0,0,0,0,0,0,0,0,0,4.386,0,0,9.649,0,0,0,0,0,0.877,23.684,4.386,0,0.877,28.947,0.877,0,0,0,0,0,0,0,0,0,0,0,0.877,0,0,0,0,0,0,0,0,0,0,0.877,0,0,0,0,0,0.877,0,0,0.877,0,0,0,0,0,16.667,0,0,0,0,0,0,0,0.877,0,0,0,0,0,0,0,0,0,0,0,0,0,0,0,0,0,0,0,0,0,0,0,0,0.877,0,0,2.632
129,0,0,0,0.323,0,0,0,0.323,0,0.323,0,0,0,0,0,0,0,0,0,0,0,0,0.323,0,0.323,0,0,8.065,0.323,0,8.387,0,0,0,0,0,0,18.71,1.613,0,1.29,25.806,0.968,0,0.323,0,0,0,0,0,0,0,0,0,1.29,0,0,0,0,1.29,0.323,0,0,0,0,0,0,0,0,0,0,0,0,0,0,0,0,0,0,0,23.871,0.323,0,0,0,0,0.323,0,0,0,0,0,0,0,0,1.935,0,0,0,0,0,0,0,0,0,0,0,0,0,0,0,0,0,0.645,0,0.323,2.581
132,0,0,0,0,0,0,0,0,0,0,0,0,0,0,0,0,0,0,0,0,0,0,0,0,0,0,0,5.128,0.366,0,10.989,0,0,0,0,0.366,0,23.077,2.564,0,0.733,20.879,0.366,0,0,0,0,0,0,0,0,0,0,0,3.663,0,0,0,0,1.099,0,0,0,0,0,0,0,0,0,0,0,0,0,0,0,0,0,0,0,0,27.106,0,0,0,0,0,0,0,0,0,0,0,0.733,0,0,0.733,0,0,0,0,0,0,0,0,0,0,0,0,0,0,0.733,0,0,0.733,0,0,0.733
135,0,0.322,0,0.322,0,0,0,0.643,0,0,0,0.322,0,0.643,0,0,0,0,0,0,0,0,0,0,0,0.643,0,5.145,0.643,0,8.36,0,0,0,0,0,0,16.077,2.572,0,1.286,25.402,0,0,0,0,0,0,0,0,0,0,0,0,3.215,0,0,0,0.322,0.965,0,0.643,0,0,0,0,0,0,0,0,0,0.322,0,0,0,0,0,0,0,0,27.653,0,0,0,0,0,0.322,0,0.322,0,0,0,0,0.322,0,0.643,0,0,0,0,0,0,0,0.322,0,0,0,0,0.322,0,0.322,0.322,0,0,0,0.322,1.286
138,0,0.334,0,0.669,0,0,0,0,0,0,0,0,0,0,0,0,0,0,0,0,0,0,0,0,0,0,0,6.355,0.334,0,10.033,0,0,0,0,0.334,0,16.722,4.013,0,1.003,23.077,1.003,0,0,0,0,0,0,0,0,0,0,0,6.02,0,0,0,0,1.672,0,0,0,0,0,0,0,0.334,0,0,0,0.334,0,0,0,0,0,0,0,0,22.742,0,0,0,0,0,0,0,0,0,0,0,0,0,0,0.334,0,0,0,0,0,0,0,0,0,0,0,0,0,0,0.334,0,0,1.003,0,1.338,2.007
141,0,0.334,0,0.334,0,0,0,0,0,0.334,0,0,0,1.003,0,0,0,0,0,0,0,0,0,0,0,0,0,6.355,0,0,8.696,0,0.334,0.669,0,0,0,22.742,2.341,0,2.341,18.729,0,0,0,0,0,0,0,0,0,0,0,0,8.027,0,0,0,0,1.003,0,1.672,0,0,0,0,0,0,0,0,0,0,0,0,0,0,0,0,0,0,21.405,0,0,0,0,0,0,0,0,0,0,0,0,0,0,0,0,0,0,0,0,0,0,0,0,0,0,0,0,0,0,0,0,0.669,0,1.338,1.672
144,0,0,0,0,0,0,0,0,0,0,0,0,0,0.33,0,0,0,0.99,0,0,0,0,0,0,0,0,0,6.601,1.32,0,7.261,0,0,0,0,0.66,0,25.413,2.64,0,1.65,15.842,0.66,0,0,0,0.33,0,0,0,0,0,0,0,8.251,0,0,0,0,1.32,0,0.33,0,0,0,0,0.33,0,0,0,0,0,0,0,0,0,0,0,0,0,22.112,0.33,0,0,0,0,0,0,0,0,0,0,0,0,0,0.99,0,0,0,0,0,0,0,0,0,0,0,0,0,0,0,0,0,0,0,0.66,1.98
147,0,0,0,0.662,0,0,0,0,0,0,0,0,0,1.325,0,0,0,0.662,0,0,0,0,0.662,0,0.331,0,0,9.934,0.331,0,7.616,0,0,0,0.331,0.662,0,24.503,4.305,0,1.325,20.199,0,0,0,0,0,0,0,0,0,0,0,0,3.642,0,0,0,0,2.649,0,0,0,0,0,0,0,0,0,0,0,0,0,0,0,0,0,0,0,0,18.212,0.331,0,0,0,0,0,0,0,0,0,0,0,0,0,0.331,0,0,0,0,0,0,0,0,0,0,0,0,0,0,0.662,0,0,0,0,0,1.325
156,0,0,0,0,0,0,0,0.599,0,0,0,0,0,1.198,0,0,0,0,0,0,0,0,0,0,0,0,0,2.994,1.796,0,3.593,0,0,0,0,0,0,23.353,0.599,0,0.599,11.976,0.599,0,0,0,0,0,0,0,0,0,0.599,0,7.186,0,0.599,0,0,2.395,0,0.599,0,0,0,0,0,0.599,0,0,0,0,0,0,0,0,0,0,0,0,33.533,0,0,0,0,0,0,0,0.599,0,0,0,0,0,0,1.198,0,0,0,0,0,0,0,0,0,0,0,0,0,0,0,0,0,2.395,0,1.198,1.796
159,0,0,0,0.402,0,0,0,0,0,0,0,0,0,0.803,0,0,0,0,0,0,0,0,0.402,0,0,0.803,0,6.426,1.606,0,5.221,0,0,0,0,0,0,20.884,3.213,0,1.606,16.867,0.803,0,0,0.402,0,0,0,0,0,0,0,0,4.016,0,0,0,0,0,0,0.803,0,0,0,0.402,0,0,0,0,0,0.803,0,0,0,0,0,0,0,0,26.908,0,0,0,0,0,0,0,0,0,0,0,0,0,0,0.402,0,0,0,0,0,0,0,0,0,0,0,0,0,0,1.205,0,0,1.606,0,2.811,1.606
162,0,0,0,0,0,0,0,0,0,0,0,0,0,1.266,0,0,0,0.633,0,0,0,0,1.266,0,0,0,0,3.797,0.633,0,9.494,0,0,0,0,0,0,20.253,3.797,0,0.633,17.722,0.633,0,0,0,0,0,0,0,0,0,0,0,5.696,0,0,0,0,0,0,0,0,0,0,0,0,0,0,0,0,0,0,0,0,0,0,0,0,0,28.481,0.633,0,0,0,0,0,0,0,0,0,0,0,0,0,1.266,0,0,0,0,0,0,0,0,0,0,0,0,0,0,0,0,0,3.165,0,0.633,0
165,0,0,0,0,0,0,0,0,0,0,0,0,0,1.702,0,0,0,0,0,0,0,0,0,0,0,1.702,0,3.83,0.851,0,3.404,0,0,0,0,0,0,25.532,1.277,0,1.277,18.723,0.426,0,0,0,0,0,0,0,0,0,0,0,4.681,0,0,0,0,0.426,0,0,0,0,0,0,0,0,0,0,0,0.851,0,0,0,0,0,0,0,0,31.489,0.851,0,0,0,0.426,0,0,0,0,0,0,0,0,0,0.426,0,0,0,0,0,0,0,0,0,0,0,0.426,0,0,0,0,0,0.851,0,0.851,0
168,0,0,0,0,0,0,0,0,0,0,0.971,0,0,1.942,0,0,0,0,0,0,0,0,0,0,0,0,0,6.796,0,0,11.65,0,0,0,0,0,0,31.068,3.883,0,0,13.592,0,0,0,0,0,0,0,0,0,0,0,0,6.796,0,0,0,0,0.971,0,0,0,0,0,0,0,0,0,0,0,0,0,0.971,0,0,0,0,0,0,18.447,0,0,0,0,0,0,0,0,0,0,0,0,0,0,0.971,0,0,0,0,0,0,0,0,0,0,0,0,0,0,0,0,0,0,0,0,1.942
171,0,0,0,0.495,0,0,0,0,0,0,0,0,0,0.495,0,0,0,0,0.495,0,0,0,0,0,0,0,0,11.386,0,0,9.901,0,0,0,0,0,0,45.545,2.97,0,0.99,4.455,0,0,0,0,0,0,0,0,0,0,0,0,4.455,0,0,0,0,2.97,0,0,0,0,0,0,0,0,0,0,0,0,0,0,0,0,0,0,0,0,12.376,0,0,0,0,0,0,0,0,0,0,0,0,0,0,0.99,0,0,0,0,0,0,0,0,0,0,0,0,0,0,0,0,0,0.99,0,0,1.485
174,0,0,0,0.743,0,0,0,0,0,0,0,0,0,0.372,0,0,0,0,0,0,0,0.372,0,0,0,0,0,8.55,0.372,0,12.639,0,0,0,0,0,0,30.112,0.372,0,1.115,5.576,0.372,0,0,0,0,0,0,0,0,0,0,0,3.346,0,0,0,0,3.346,0,0,0,0,0,0.372,0,0,0,0,0,0,0,0,0,0,0,0,0,0,27.509,0,0,0,0,0,0.372,0,0,0,0,0,0,0,0,1.487,0,0,0,0,0,0,0,0,0,0,0,0,0,0,0,0.372,0,0.372,0,0.372,1.859
177,0,0,0,0.469,0,0,0,0,0,0,0,0,0,0.469,0,0,0,0,0,0,0,0,0,0,0,0,0,24.413,0.469,0,15.493,0,0,0,0,0.469,0,19.718,7.042,0,0.939,3.286,0.469,0,0,0,0,0,0,0,0,0,0,0,3.756,0,0,0,0,3.286,0,0,0,0,0,0,0,0,0,0,0,0,0,0,0,0,0,0,0,0,15.962,0,0,0,0,0,0,0,0,0,0.469,0,0,0,0,1.408,0,0,0,0,0,0,0,0,0,0,0,0,0,0,0,0,0,0,0,0,1.878
180,0,0,0,0,0,0,0,0,0,0,0,0,0,1.818,0,0,0,0,0,0,0,0,0,0,0,0,0,23.636,0.909,0,9.091,0,0,0,0,0,0,17.273,10.909,0,0,10,0,0,0,0,0,0,0,0,0,0,0,0,1.818,0,0,0,0,0,0,0,0,0,0,0,0,0,0,0,0,0,0,0,0,0,0,0,0,0,15.455,0,0,0,0,0,0,0,0,0,0,0,0,0,0,3.636,0,0,0,0,0,0.909,0,0,0,0,0,0,0,0,0,0.909,0,0,0,2.727,0.909
183,0,0,0,0,0,0,0,0,0,0.87,0,0,0,0,0,0,0,0,0,0,0,0,1.739,0,0,0,0,17.391,0,0,15.652,0,0,0,0,0,0,16.522,2.609,0,0,10.435,0,0,0,0,0,0,0,0,0,0,0,0,5.217,0,0,0,0,1.739,0,0,0,0,0,0,0,0,0,0,0,0,0,0,0,0,0,0,0,0,18.261,0,0,0,0,0,0,0,0,0,0,0,0,0,0,0,0,0,0,0,0,0,0,0,0,0,0,0,0,0,0.87,0,0,1.739,0,0.87,6.087
186,0,0,0,0,0,0,0,0,0,0,0.332,0.332,0,0.997,0,0,0,0,0,0,0,0,0.332,0,0,0,0,8.306,0,0,16.279,0,0,0,0,0,0,29.236,0.997,0,0.997,7.309,0.664,0,0,0,0,0,0,0,0,0,0,0,5.98,0,0,0,0,0.997,0,0,0,0,0,0,0,0,0,0,0,0,0,0,0,0,0,0,0,0,18.272,0.997,0,0,0,0,0,0,0,0,0,0,0,0,0,0.332,0,0,0,0,0,0,0,0,0,0,0,0,0,0,0,0,0,0.664,0,2.99,3.987
189,0,0,0,0.667,0,0,0,0,0,0.333,0,0,0,2.333,0,0,0,0,0.333,0,0,0,0,0,0,0,0,10.333,0.333,0,16.667,0,0,0,0,0,0,33,3.667,0,1,8.667,0,0,0,0,0,0,0,0,0,0,0,0,2,0,0,0,0,0.667,0,0,0,0,0,0,0,0,0,0,0,0,0,0,0,0.333,0,0,0,0,17,0,0,0,0,0,0,0,0,0,0,0,0,0,0,0,0,0,0,0,0,0,0,0,0,0,0,0,0,0,0,0,0,0,0.667,0.667,1.333
192,0,0,0,0.656,0,0,0,0,0,0,0,0,0,0.328,0,0,0,0,0,0,0,0,0.328,0,0,0,0,9.836,0,0,12.787,0,0,0,0,0,0,16.393,25.574,0,3.279,7.541,0,0,0,0,0,0.328,0,0,0,0,0,0,1.311,0,0,0,0,0.656,0,0,0,0,0,0,0,0,0,0,0,0.328,0,0,0,0,0,0,0,0,16.721,0,0,0,0,0,0,0,0,0,0,0,0,0,0,0.984,0,0,0,0,0,0,0,0,0,0,0,0,0,0,0,0,0,0.328,0,0.328,2.295
195,0,0,0,0.61,0,0,0,0,0,0,0,0,0,1.22,0,0,0,0,0,0,0,0,0,0,0,0,0,9.756,0,0,12.195,0,0,0,0,0,0,17.683,20.122,0,0,8.537,0,0,0,0,0,0,0,0,0,0,0,0,6.707,0,0,0,0,0,0,0,0,0,0,0,0,0,0,0,0,0,0,0,0,0,0,0,0,0,21.951,0,0,0,0,0,0,0,0,0,0,0,0,0,0,0,0,0,0,0,0,0,0,0,0,0,0,0,0,0,0,0,0,0,0,0.61,0.61
198,0,0,0,0,0,0,0,0,0,0,0,0,0,0.651,0,0,0,0,0,0,0,0,0,0,0,0,0,13.355,0,0,14.984,0,0.326,0,0,0,0,21.173,17.59,0,1.954,5.212,0,0,0,0,0.326,0,0.326,0,0,0,0,0,4.235,0,0,0,0,1.303,0,0,0,0,0,0,0,0,0,0,0,0,0,0,0,0,0,0,0,0,14.984,0,0,0,0,0,0,0,0,0,0,0,0,0,0,0.977,0,0,0,0,0,0,0,0,0,0,0,0,0,0,0.651,0,0,0.326,0,0,1.629
201,0,0,0,0,0,0,0,0,0,0,0,0,0,0.332,0,0,0,0,0,0,0,0,1.329,0,0,0.332,0,19.601,0,0,9.302,0,0.332,0,0,0,0,12.292,20.598,0,1.993,4.651,0,0,0,0,0,0,0,0,0,0,0,0,5.316,0,0,0,0,0.664,0,0,0,0,0,0.332,0,0,0,0,0,0,0,0,0,0,0,0,0,0,14.618,0.332,0,0,0,0,0,0,0,0,0,0,0,0,0,2.326,0,0,0,0,0,0,0,0,0.332,0,0,0,0,0,0.332,0,0,0.664,0,0,4.319
204,0,0,0,0.313,0,0,0,0,0,0,0,0.625,0,0.313,0,0,0,0,0,0,0,0,0.625,0,0,0,0,17.188,0,0,11.563,0,0,0,0,0,0,11.25,17.188,0,1.25,5,0.313,0,0,0,0,0,0,0,0,0,0,0,6.563,0,0,0,0,0.313,0,0,0,0,0,0,0,0,0,0,0,0,0,0,0,0,0,0,0,0,21.25,0,0,0,0,0,0,0,0,0,0,0,0,0,0,1.875,0,0,0,0,0,0,0,0,0.313,0,0,0,0,0,0.313,0,0,1.563,0,0,2.188
207,0,0,0,0,0,0,0,0,0,0,0,0.321,0,0.641,0,0,0,0,0,0,0,0,0,0,0,0,0,13.782,0,0,14.103,0,0,0,0,0,0,10.256,27.564,0,2.244,1.923,0.321,0,0,0,0,0,0,0,0,0,0,0,3.205,0,0,0,0,0.321,0,0,0,0,0,0,0,0,0,0,0,0,0,0,0,0,0,0,0,0,20.513,0.641,0,0,0,0,0,0,0,0,0,0,0,0,0,1.603,0,0,0,0,0,0.321,0,0,0.321,0,0,0.321,0,0,0,0,0,0.321,0,0,1.282
210,0,0,0,0,0,0,0,0,0,0,0,0,0,0.327,0,0,0,0,1.307,0,0,0,0.98,0,0,0.654,0,10.131,0.327,0,14.379,0,0,0.327,0,0,0,5.882,20.261,0,2.941,8.497,0.327,0,0,0,0.327,0,0,0,0,0,0,0,3.268,0,0,0,0,0.654,0,0,0,0,0,0,0,0,0,0,0,0,0,0,0,0,0,0,0,0,21.569,0.327,0,0,0,0,0,0,0,0,0,0,0,0,0,5.229,0,0,0,0,0,0,0,0,0,0,0,0,0,0,0,0,0,0,0,0,2.288
213,0,0,0,2.208,0,0,0,0,0,0.631,0,0.315,0,0,0,0,0,0,0.946,0,0,0,0.315,0,0,0,0,12.618,0,0,17.981,0,0,0,0,0,0,5.678,20.505,0,5.994,4.101,0.315,0,0,0,0,0,0,0,0,0,0,0,2.524,0,0,0,0,1.262,0,0,0,0,0,0,0,0,0,0,0,0,0,0,0,0,0,0,0,0,20.505,0,0,0,0,0,0,0,0,0,0,0,0,0,0,1.262,0,0,0,0,0,0,0,0,0,0,0,0,0,0,0.315,0,0,0,0,0,2.524
216,0,0,0,0.997,0,0,0,0,0,0,0,0,0,0.664,0,0,0,0,0.664,0,0,0,0.664,0,0,0.332,0,10.631,0.332,0,21.262,0,0,0,0,0,0,8.638,20.93,0,6.312,4.983,0,0,0,0,0,0.332,0,0,0,0,0,0,2.326,0,0,0,0,0.997,0,0,0,0,0,0,0,0,0,0,0,0,0,0,0,0,0,0,0,0,16.279,0.332,0,0,0,0,0,0,0,0,0,0,0,0,0,0,0,0,0,0,0,0,0,0,0,0,0,0,0,0,0.332,0,0,0,0,0.332,2.658
219,0,0,0,0,0,0,0,0,0,0,0,0,0,0.667,0,0,0,0,1,0,0,0,0,0,0,0,0,12,0.333,0,19.667,0,0,0,0,0,0,5.333,20.333,0,4.667,6.333,0,0,0,0,0,0,0,0,0,0,0,0,5,0,0,0,0,0.667,0,0.333,0,0,0,0,0,0,0,0.333,0,0.667,0,0,0,0,0,0,0,0,17.333,0,0,0,0,0.333,0,0,0,0,0,0,0,0,0,0.667,0,0,0,0,0,0,0,0,0,0,0,0,0,0,0,0,0,0,0,0,4.333
222,0,0,0,0.324,0,0,0,0,0,0,0,0,0,0.647,0,0,0,0,0,0,0,0,0,0,0,0,0,12.298,0.324,0,18.123,0,0,0,0,0,0,9.385,18.77,0,1.942,4.531,0,0,0,0,0,0,0,0,0,0,0,0,4.854,0,0,0,0,0,0,0,0,0,0,0,0,0,0,0,0,0.647,0,0,0,0,0,0,0,0,22.977,0,0,0,0,0,0,0,0,0,0,0,0,0,0,2.913,0,0,0,0,0,0,0,0,0,0,0,0,0,0,0,0,0,0,0,0,2.265
225,0,0,0,1.656,0,0,0,0.331,0,0,0,0.331,0,0.331,0,0,0,0,0.331,0,0,0,0,0,0,0,0,16.225,0,0,18.543,0,0,0,0,0.331,0,6.291,16.225,0,5.298,7.947,0,0,0,0,0,0,0,0,0,0,0,0,1.987,0,0,0,0,0.662,0,0,0,0,0,0,0,0,0,0,0,0.993,0,0,0,0,0,0,0,0,17.55,0,0,0,0,0,0,0,0,0,0,0,0,0,0,0.331,0,0,0,0,0,0,0,0,0.331,0,0,0.331,0,0,0.331,0,0,0.331,0,0,3.311
228,0,0,0,0,0,0,0,0,0,0,0,0,0,0.66,0,0,0,0,0,0,0,0,0,0,0,0,0,11.551,0,0,17.162,0,0,0.33,0,0,0,5.611,19.802,0.33,4.95,6.601,0.33,0,0,0,0,0,0,0,0,0,0,0,4.29,0,0,0,0,0.66,0.33,0,0,0,0,0,0,0,0,0,0,1.65,0,0,0,0,0,0,0,0,17.162,0.33,0,0,0,0,0,0,0,0,0,0,0,0,0,1.32,0,0.33,0,0,0,0,0,0,0,0,0,0,0,0,0.66,0,0,0,0,0,5.941
231,0,0,0,1.423,0,0,0,0,0,0,0,0,0,0,0,0,0,0,0,0,0,0,0,0,0,0,0,12.811,0,0,16.014,0,0.356,0,0,0,0,7.117,15.302,0,6.406,7.473,0.356,0,0,0,0,0,0,0,0,0,0,0,5.694,0,0,0,0,0.356,0,0,0,0,0,0.356,0,0,0,0,0,0,0,0,0.712,0,0,0,0,0,17.082,0,0,0,0,0,0,0,0,0,0,0,0,0,0,1.068,0,0,0,0,0,0,0,0,0,0,0,0,0,0,0.712,0,0,0,0,0,6.762
234,0,0,0,0.345,0,0,0,0,0,0,0,0,0,0,0,0,0,0,0,0,0,0,0,0,0,0,0,11.724,0,0,19.655,0,0,0,0,0,0,6.552,16.552,0,3.103,6.897,0,0,0,0,0,0,0,0,0,0,0,0,5.172,0.345,0,0,0,1.379,0,0,0,0,0,0,0,0,0,0,0,0,0,0,0,0,0,0,0,0,21.034,0,0,0,0,0,0,0,0,0,0,0,0,0,0,1.034,0,0,0,0,0,0,0,0,0,0,0,0,0,0,1.379,0,0,0,0,0,4.828
237,0,0,0,0.331,0,0,0,0.331,0,0,0,0,0,0,0,0,0,0,0,0,0,0,0,0,0,0,0,13.576,0,0,16.887,0,0,0,0,0,0,11.258,17.881,0,5.298,3.974,0.331,0,0,0,0,0,0.331,0,0,0,0,0,4.636,0,0,0,0,0.993,0,0,0,0,0,0,0,0,0,0,0,1.325,0,0,0,0,0,0,0,0,14.901,0,0,0,0,0,0,0,0,0,0,0,0,0,0,0.662,0,0,0,0,0,0,0,0,0,0,0,0,0,0,0,0,0,0,0,0,7.285
240,0,0,0,0,0,0,0,0,0,0,0,0,0,0.332,0,0,0,0.332,0,0,0,0,0,0,0,0,0,15.947,0,0,21.262,0,0,0,0,0,0,8.97,10.299,0,0.332,3.987,0,0,0,0,0,0,0,0,0,0,0,0,9.635,0,0,0,0,1.661,0,0,0,0,0,0,0,0,0,0,0,1.329,0,0,0,0,0,0,0,0,14.95,0,0,0,0,0,0,0,0,0,0,0,0,0,0,0.997,0,0,0,0,0,0,0,0,0,0,0,0,0,0,2.99,0,0,0.664,0.332,0,5.98
243,0,0,0,0,0,0,0,0,0,0,0,0,0,0,0,0,0,0,0.42,0,0,0,1.261,0,0,0,0,9.244,0,0,17.647,0,0,0,0,0,0,6.303,8.824,0,4.622,11.765,0,0,0,0,0,0,0,0,0,0,0,0,5.882,0,0,0,0,0,0,0.42,0,0,0,0,0,0,0,0,0,0.42,0,0,0,0,0,0,0,0,22.269,0,0,0,0.42,0,0,0,0,0,0,0,0,0,0,1.681,0,0,0,0,0,0,0,0,0,0,0,0,0,0,3.782,0,0,0,0,0,5.042
246,0,0,0,0,0,0,0,0,0,0,0,0,0,0.327,0,0,0,0,0,0,0,0,0,0,0.327,0,0,15.686,0,0,14.052,0,0,0,0,0,0,8.17,13.072,0,5.229,10.784,0.654,0,0,0,0,0,0,0,0,0,0,0,2.941,0,0,0,0,1.634,0,0,0,0,0,0,0,0,0,0,0,0.327,0.327,0,0,0,0,0,0,0,19.281,0,0,0,0,0,0,0,0,0,0,0,0,0,0,1.634,0,0,0,0,0,0,0,0,0,0,0,0,0,0,3.268,0,0,0.654,0,0,1.634
249,0,0,0,0.327,0,0,0,0,0,0,0,0,0,0.327,0,0,0,0,0.654,0,0,0,0,0,0,0,0,16.34,0,0,13.072,0,0,0,0,0,0,13.725,12.745,0,1.307,8.497,0.327,0,0,0,0,0,0,0,0,0,0,0,4.248,0.327,0,0,0,2.288,0,0.327,0,0,0,0,0,0,0,0,0,0,0,0,0,0,0,0,0,0,19.935,0,0,0,0,0,0,0,0,0,0,0,0,0,0,0.98,0,0,0,0,0,0,0,0,0,0,0,0,0,0,1.634,0.327,0,0.654,0,0,1.961
252,0,0,0,0.318,0,0,0,0,0,0,0,0.637,0,0,0,0,0,0,0,0,0,0.318,0,0,0,0,0,10.828,0,0,14.65,0,0,0.955,0,0,0,6.688,16.561,0,3.503,8.917,0.318,0,0,0,0,0,0,0,0,0,0,0,7.325,0,0,0,0,0.318,0,0.318,0,0,0,0,0,0,0,0,0,0.318,0,0,0,0,0,0,0,0,21.975,0,0,0,0.318,0,0,0,0,0,0,0,0,0,0,2.229,0,0,0,0,0,0,0,0,0,0,0,0,0,0,0.955,0,0,0,0,0,2.548
255,0,0,0,0.957,0,0,0,0,0,0,0,0,0,0,0,0,0,0,0.478,0,0.478,0,1.914,0,0,0,0,11.483,0,0,13.397,0,0.478,0,0,0,0,7.656,14.833,0,1.914,11.005,1.435,0,0.478,0,0,0,0,0,0,0,0,0,3.828,0,0,0,0,0.478,0,0,0,0,0,0,0,0,0,0,0,0,0,0,0,0,0,0,0,0,16.268,0,0,0,0,0,0,0,0,0,0,0,0,0,0,0.478,0,0,0,0,0,0,0,0,0,0,0,0,0,0,3.349,0,0,0,0,0,9.091
258,0,0,0,0.649,0,0,0,0,0,0,0,0.649,0,0.649,0,0,0,0,0,0,0,0.325,0,0,0,0,0,18.831,0.649,0,15.909,0,0,0,0,0,0,6.169,8.117,0,3.571,12.013,0.325,0,0,0,0,0,0,0,0,0,0,0.325,1.623,0,0,0,0,0.649,0,0,0,0,0,0,0,0,0,0,0,0.974,0,0,0,0,0,0,0,0,21.429,0,0,0,0,0,0,0,0,0,0,0,0,0,0,0.974,0,0,0,0,0,0,0,0,0,0,0,0,0,0,1.948,0,0,0,0,0,4.221
261,0,0,0,1.293,0,0,0,0.431,0,0,0,0,0,0,0,0,0,0,0,0,0,0.862,0.862,0,0,0,0,21.983,0,0,22.414,0,0,0,0,0,0,7.759,18.103,0,1.293,3.448,0,0,0,0,0,0,0,0,0,0,0,0,0,0,0,0,0,1.293,0,0,0,0,0,0,0,0,0,0,0,0.431,0,0,0,0,0,0,0,0,12.5,0,0,0,0,0,0,0,0,0,0,0,0,0,0,0.431,0,0,0,0,0,0,0,0,0,0,0,0,0,0,2.155,0,0,0,0,0,4.741
264,0,0,0,0.952,0,0,0,0,0,0,0,0,0,0.476,0,0,0,0,0,0,0,0,0,0,0,0,0,20.952,0,0,20.952,0,0,0,0,0,0,11.905,9.048,0,3.81,6.19,0,0,0,0,0,0,0,0,0,0,0,0,0.952,0,0,0,0,2.381,0,0,0,0,0,0,0,0,0,0,0,0,0,0,0,0,0,0,0,0,16.19,0,0,0,0,0,0,0,0,0,0,0,0,0,0,0,0,0,0,0,0,0,0,0,0,0,0,0,0,0,0.476,0,0,0.476,0,0,5.238
267,0,0,0,1.567,0,0,0,0,0,0,0,0,0,0,0,0,0,0,0.313,0,0,0.313,0,0,0,0,0,17.868,0,0,15.674,0,0,0,0,0,0,8.15,25.078,0,0.627,4.702,0,0,0,0,0,0,0,0,0,0,0,0,1.567,0,0,0,0,1.567,0,0,0,0,0,0,0,0,0,0,0,0.313,0,0,0,0,0,0,0,0.313,14.42,0,0,0,0,0,0,0,0,0,0,0,0,0,0,3.762,0,0,0,0,0,0,0,0,0,0,0,0,0,0,2.194,0,0,0,0,0,1.567
270,0,0,0,0,0,0,0,0,0,0,0,0,0,0,0,0,0,0,0.391,0,0,0,0,0,0,0,0,10.547,0,0,24.219,0,0,0,0,0,0,2.344,23.438,0,5.469,5.859,0,0,0,0,0,0,0,0,0,0,0,0,1.563,0,0,0,0,0.391,0,0,0,0,0,0,0,0,0,0,0,0.391,0,0,0,0,0,0,0,0,16.797,0,0,0,0,0,0,0,0,0,0,0,0,0,0,0.781,0,0,0,0,0,0,0,0,0,0,0,0,0,0,2.734,0,0,0,0.391,0,4.688
273,0,0,0,0.361,0,0,0,0,0,0,0,0,0,0.361,0,0,0,0,0.361,0,0,0,0,0,0,0,0,12.635,0,0,24.188,0,0.361,0,0,0,0,5.776,18.773,0,0.361,6.137,0.361,0,0,0,0,0,0,0,0,0,0,0,3.971,0,0,0,0,0.361,0,0,0,0,0,0,0,0,0,0,0,0.722,0,0,0,0,0,0,0,0,12.996,0,0,0,0,0,0,0,0,0,0,0,0,0,0,0.722,0,0,0,0,0,0,0,0,0,0,0,0,0,0,5.776,0,0,0,0,0,5.776
276,0,0,0,0,0,0,0,0,0,0,0,0,0,0.407,0,0,0,0,0.407,0,0,0,0,0,0,0,0,13.821,0,0,24.39,0,0,0,0,0,0,2.033,22.764,0,0.813,5.285,0.813,0,0,0,0,0,0,0,0,0,0,0,2.846,0,0,0,0,0,0,0.407,0,0,0,0,0,0,0,0,0,2.033,0,0,0,0,0.407,0,0,0,8.537,0,0,0,0,0,0,0,0,0,0,0,0,0,0,0.407,0,0,0,0,0,0,0,0.407,0,0,0,0,0.407,0,8.537,0,0,0.407,0,0,4.878
279,0,0,0,0.521,0,0,0,0,0,0,0,0,0,0.521,0,0,0,0,0,0,0,0,0,0,0,0,0,20.833,0,0,20.313,0,0,0,0,0,0,3.125,13.542,0,2.604,8.854,0.521,0,0,0,0,0.521,0,0,0,0,0,0,2.083,0,0,0,0,0.521,0,0.521,0,0,0,0,0,0,0,0,0,0,0,0,0,0,0,0,0,0,15.104,0,0,0,0,0,0,0,0.521,0,0,0,0,0,0,0,0,0,0,0,0,0,0,0,0,0,0,0,0,0,6.771,0,0,0,0,0,3.125
282,0,0,0,0.862,0,0,0,0,0,0,0,0,0,0,0,0,0,0,0,0,0.862,0,0,0,0,0,0,15.517,0,0,23.276,0,0.862,0,0,0,0,4.31,19.828,0,0,9.483,0,0,0,0,0,0,0,0,0,0,0,0,0,0,0,0,0,0.862,0,0,0.862,0,0,0,0,0,0,0,0,0,0,0,0,0,0,0,0,0,15.517,0,0,0,0,0,0,0,0,0,0,0,0,0,0,0,0,0,0,0,0,0,0,0,0,0,0,0,0,0,1.724,0,0,0,0.862,0,5.172
285,0,0,0,0.333,0,0,0,0,0,0,0,0,0,0,0,0,0,0,0,0,0,0,0,0,0,0,0,7.667,0,0,10.667,0,0,0,0,0,0,0.667,64.667,0,1,2.667,0.333,0,0,0,0,0,0,0,0,0,0,0,0.667,0,0,0,0,0,0,0,0,0,0,0,0,0,0,0,0,0,0,0,0,0,0,0,0,0,6.333,0,0,0,0,0,0,0,0,0,0,0,0,0,0,1,0,0,0,0,0,0,0,0,0,0,0,0,0,0,2,0,0,0,0,0,2
288,0,0,0,0,0,0,0,0,0,0,0,0,0,0,0,0,0,0,0,0,0,0,0,0,0,0,0,55.14,0,0,18.692,0,0,0,0,0,0,0.935,1.869,0,1.869,0,2.804,0,0,0,0,0,0,0,0,0,0,0,0,0,0,0,0,0,0,0,0,0,0,0,0,0,0,0,0,0,0,0,0,0,0,0,0,0,13.084,0,0,0,0,0,0,0,0,0,0,0,0,0,0,0,0,0,0,0,0,0,0,0,0,0,0,0,0,0,4.673,0,0,0.935,0,0,0
291,0,0,0,0.337,0,0,0,0,0,0,0,0,0,0,0,0,0,0,0,0,0,0.337,0,0,0,0,0.337,36.027,0,0,21.212,0,0.337,0,0,0,0,2.694,2.02,0,3.03,8.418,0.337,0,0,0,0,0,0,0,0,0,0,0,0.673,0,0,0,0,0.337,0,0,0,0,0,0,0,0,0,0,0,0.337,0,0,0,0,0,0,0,0,11.785,0,0,0,0,0,0,0,0.673,0,0,0,0,0,0,0.337,0,0,0,0,0,0,0,0,0,0,0,0,0,0,5.051,0,0,2.02,0,0,3.704
294,0,0,0,0.568,0,0,0,0,0,0,0,0,0,0,0,0,0,0,0.284,0,0,0,0.284,0.284,0,0,0,39.773,0,0,21.307,0,0,0,0,0,0,3.977,3.409,0,0.568,4.261,0,0,0,0,0,0,0,0,0,0,0,0,1.705,0,0,0,0,0.284,0,0,0,0,0,0,0,0,0,0.284,0,0.568,0,0,0,0,0,0,0,0,12.5,0,0.284,0,0,0,0,0,0,0,0,0,0,0,0,0,0,0,0,0,0,0,0,0,0,0,0,0,0.284,0,3.693,0,0,2.841,2.841,0,0
297,0,0,0,0.61,0,0,0,0,0,0,0,0,0,0,0,0,0,0,0,0,0,0.61,0.305,0,0,0,0,33.537,0,0,25.305,0,0,0,0,0,0,4.268,4.268,0,1.829,3.659,0,0,0.305,0,0,0.305,0,0,0,0,0,0,2.439,0,0,0,0,0.305,0,0,0.61,0,0,0,0,0,0,0,0,1.22,0,0,0.305,0,0,0,0,0,13.415,0,0.305,0,0,0,0.305,0,0,0,0,0,0,0,0,0.305,0,0,0,0,0,0,0,0,0,0,0,0,0,0,2.134,0,0,0,2.134,0,1.524
300,0,0,0,0,0,0,0,0.188,0,0,0,0,0,0,0,0,0,2.251,0,0.188,0,0,0.375,0,0,0,0,27.205,0,0,12.008,0,0,0,0,0,0,1.126,12.57,0,1.689,24.203,1.126,0.188,0,0,0.563,0.188,0,0,0,0,0,0,1.126,0,0,0,0,0.188,0,0.188,0,0,0,0,0,0,0.188,0,0,0,0,0,0,0,0,0,0,0,10.882,0,0,0,0,0,0,0,0,0,0,0,0,0,0,0.188,0,0,0,0,0,0,0,0,0.188,0,0.938,0,0,0,1.689,0,0,0,0,0,0.563
302.5,0,0,0,0.323,0,0,0,0,0,0,0,0,0,0.323,0,0,0,0.323,0.323,0,0,0.323,0.323,0.323,0,0,0,34.839,0,0,20,0,0.323,0,0,0,0,6.129,3.871,0,0.968,9.355,0.645,0,0,0,0,0,0,0,0,0,0,0,0,0,0,0,0,0.323,0,0.323,0,0,0,0,0,0,0,0,0,1.29,0,0,0,0,0,0,0,0,10.968,0,0,0,0,0,0,0,0,0,0,0,0,0,0,0.645,0,0,0,0,0,0,0,0,0,0,0,0,0,0,3.871,0,0,1.935,0,0,2.258
305,0,0,0,1.149,0,0,0,0,0,0,0,0,0,0,0,0,0,0.383,0.192,0.383,0,0.575,0.766,0,0,0,0,24.138,0,0,18.582,0,0.192,0,0,0,0,4.023,8.429,0,1.149,17.625,0,0.192,0.192,0,0.383,0,0,0,0,0,0,0,4.406,0,0,0,0,0,0,0.192,0.192,0,0,0.192,0,0.192,0.383,0,0,0.192,0,0,0,0,0,0,0,0,11.494,0,0,0.192,0,0,0,0,0.383,0,0,0,0,0,0,0.192,0,0,0,0,0,0,0,0.575,0.192,0,1.341,0,0,0,0.958,0,0,0.192,0.383,0,0
307.5,0,0,0,0.286,0,0.286,0,0,0,0,0,0,0,0.571,0,0,0,0.286,0,0,0,0.286,0.286,0,0,0,0,29.143,0,0,22.571,0,0,0,0.286,0,0,3.714,4.571,0,2,10.857,0.286,0,0,0,0,0.286,0.286,0,0,0,0,0,0.857,0,0,0,0,0.286,0,0,0,0.286,0,0,0,0,0,0,0,0.286,0,0,0,0,0,0,0,0,12.857,0,0,0,0,0,0,0,0,0,0,0,0,0,0,0.286,0,0,0,0,0,0,0,0,0,0,0,0,0.286,0,2,0,0,0,2.571,0,4.286
310,0,0,0,0,0,0,0,0,0,0,0,0,0,0,0,0,0,0,0,0,0,0,0,0,0,0,0,32.458,0,0,20.525,0,0,0,0,0,0,1.432,1.193,0,1.909,8.592,0.239,0.239,0,0,4.057,0,0,0,0,0,0,0,9.547,0,0,0,0,0,0,0,0,0,0,0,0,0,1.909,0,0,0,0,0,0,0,0,0,0,0,10.263,0,0,0.239,0,0.239,0,0,0,0,0,0,0,0,0,0.477,0,0,0,0,0,0,0,0,0,0,5.728,0,0,0,0,0,0.239,0.716,0,0,0
312.5,0,0,0,0.565,0,0,0,0,0,0,0,0,0,0,0,0,0,0,0.282,0,0.282,0.282,0.282,0,0,0,0.282,35.028,0,0,22.599,0,0.282,0,0,0,0,4.802,1.13,0,2.26,8.475,0,0,0,0,0,0.282,0,0,0,0,0,0,0.565,0,0,0,0,0.282,0,0,0,0,0,0,0,0,0,0,0,1.13,0,0,0,0,0,0,0,0,12.994,0,0,0,0,0,0,0,0,0,0,0,0,0,0,0.847,0,0,0,0,0,0,0,0,0,0,0,0,0.282,0,3.672,0,0,0.282,0.282,0,2.825
315,0,0,0,0.985,0,0,0,0,0,0,0,0,0,0.246,0,0,0,0.246,0.246,0.493,0,0.493,0.246,0,0,0,0,50.985,0,0.493,15.271,0,0.246,0,0,0,0,0.493,0.985,0,1.478,7.389,0,0,0,0,1.97,0.246,0,0,0,0,0,0,1.97,0,0,0,0,0.493,0,0,0,0,0,0,0,0,0.493,0,0,0.246,0,0,0,0,0,0,0,0,7.882,0,0,0,0,0,0.493,0,0,0,0,0,0,0,0,1.232,0,0,0,0,0,0,0,0.739,0.493,0,2.217,0,0,0,0,0,0,0.985,0,0.246,0
317.5,0.27,0,0,0.811,0,0,0,0,0,0,0,0,0,0.27,0,0,0,0,0.27,0,0,0.27,0.27,0,0,0,0.27,51.351,0,0,11.351,0,0,0,0,0,0,4.595,1.081,0,2.432,5.135,0.27,0,0,0,0,0,0.811,0,0,0,0,0,1.351,0,0,0,0,0,0,0.27,0,0,0,0,0,0.27,0,0,0,0.27,0,0,0,0,0,0.27,0,0.27,9.459,0,0,0,0,0,0,0,0,0,0,0,0,0,0,1.081,0,0,0,0.27,0,0,0.27,0,0,0.541,0,0.811,0.27,0,3.243,0,0,1.351,0,0,0.811
320,0,0,0,0.246,0,0,0,0,0,0,0,0,0,0.246,0,0,0,0,0,0.246,0,0.983,0.491,0,0,0,0,49.877,0,0,14.005,0,0,0,0,0,0,1.966,0.246,0,1.966,12.531,0,0,0,0,2.457,0,0,0,0,0,0,0,2.457,0,0,0,0,0,0,0.246,0,0,0,0,0,0,0.491,0,0,0.246,0,0,0,0,0,0,0,0,7.371,0,0,0,0,0.246,0.983,0,0,0,0,0,0,0,0,0.491,0,0,0,0,0,0,0,0,0,0,1.474,0,0,0,0,0,0,0.737,0,0,0
322.5,0.284,0,0,0.568,0,0,0,0,0,0,0,0,0,0,0,0,0,0,0,0,0,0.568,0,0,0,0,0.284,53.125,0,0,15.057,0,0,0,0,0,0,3.693,1.705,0,1.136,3.409,0.568,0,0,0,0,0.284,0.284,0,0,0,0,0,1.42,0.284,0,0,0,0.284,0,0,0,0,0,0,0,0,0,0,0,0.284,0,0,0,0,0,0,0,0,9.659,0,0.284,0,0,0,0,0,0,0,0,0,0,0,0,0.568,0,0,0,0,0,0,0,0,0.568,0,0,0,0,0,0.852,0.852,0,1.136,0,0,3.125
325,0,0,0,0.667,0,0,0,0,0,0,0,0,0,1,0,0,0,0,0,0,0,0,0,0,0,0,0,52,0,0,17,0,0.333,0,0,0,0,4.333,1,0,1.667,4,0,0,0,0,0.333,0,0,0,0,0,0,0,1,0,0,0,0,0,0,0,0,0,0,0,0,0,0,0,0,0.333,0,0,0,0,0,0,0,0,10.333,0,0,0,0,0,1,0,0,0,0,0,0,0,0,0,0,0,0,0,0,0,0,0,0,0,0,0,0,0,0,0,0,1.333,0,0,3.667
327.5,0.311,0,0,0.311,0,0,0,0,0,0,0,0,0,0,0,0,0,0,0,0,0,0,0,0,0,0,0.311,60.559,0,0,13.043,0,0,0,0,0,0,3.106,0.621,0,1.242,4.037,0,0,0,0,0.311,0,0.311,0,0,0,0,0,0.311,0,0,0,0,0,0,0,0,0,0,0,0,0,0,0,0,0,0,0,0,0,0,0,0,0,12.112,0.311,0.621,0,0,0,0,0,0,0,0,0,0,0,0,0,0,0,0,0,0,0,0,0,0,0,0,0,0.311,0,0,1.242,0,0,0,0,1.242
330,0.244,0,0,0.244,0,0,0,0,0,0,0,0,0,0.244,0,0,0,0,0,0.244,0,0.489,0.244,0,0,0,0,67.237,0,0.733,10.024,0,0.244,0,0,0,0,0.244,0.978,0,1.467,2.934,0,0,0,0,1.956,0,0,0,0,0,0,0,1.467,0,0,0,0,0,0,0,0,0,0,0,0,0.244,0.244,0,0,0,0,0,0,0,0,0,0,0,6.846,0,0,0,0,0.244,0.489,0.489,0,0,0,0,0,0,0.244,0,0.244,0,0,0,0,0,0,0,0,0,1.711,0,0,0,0,0,0,0.244,0,0.244,0
331,0.234,0,0,0.468,0,0,0,0,0,0,0,0,0,0,0,0,0,0,0,0.234,0,0.234,0,0,0,0,0.234,56.44,0,0,14.754,0,0,0,0,0,0,0,1.405,0,2.576,7.494,0.234,0,0,0,1.874,0,0,0,0,0,0,0,3.279,0,0,0,0,0,0,0,0,0,0,0,0,0,0.234,0,0,0,0,0,0,0,0,0,0,0,8.197,0.234,0,0,0,0.234,0,0,0,0,0,0,0,0,0,0,0.703,0,0,0,0,0,0,0,0,0,0,0,0,0.234,0,0,0,0.468,0,0.234,0.234
